"id","category","courseDay","targetCharacter","fullText","suggestedPause","suggestedRate","suggestedFileName","saveDirectory","audioPath","exists"
"system-welcome","system","0","","您好，今天我们认识三个字。请点一下屏幕中间的大圆按钮。","无","-15%","welcome.mp3","/audio/system","/audio/system/welcome.mp3","true"
"system-home-completed","system","0","","您今天已经完成任务。想继续学习，请点中间的大按钮。","无","-15%","home-completed.mp3","/audio/system","/audio/system/home-completed.mp3","true"
"completion-base","completion","0","","今天的三个字已经认识了。您可以今天学到这里，也可以再学三个新字。","无","-15%","base-completed.mp3","/audio/system","/audio/system/base-completed.mp3","true"
"completion-review","completion","0","","今天的复习已经完成，记得更牢了。","无","-15%","review-completed.mp3","/audio/system","/audio/system/review-completed.mp3","true"
"completion-all-courses","completion","0","","新字课程已经全部学完。以后每天复习几个字，记得更牢。","无","-15%","all-courses-completed.mp3","/audio/system","/audio/system/all-courses-completed.mp3","true"
"system-rest","system","0","","您今天已经学了不少，可以休息一下，明天再学。","无","-15%","rest.mp3","/audio/system","/audio/system/rest.mp3","true"
"system-idle","system","0","","请点一下屏幕，我们继续学习。","无","-15%","idle-reminder.mp3","/audio/system","/audio/system/idle-reminder.mp3","true"
"lesson-intro","intro","0","","这个字念","结束后停顿300ms","-15%","intro.mp3","/audio/lessons","/audio/lessons/intro.mp3","true"
"day-1-opening","opening","1","","今天我们学习学会看懂吃药时间，一共认识3个字。","无","-15%","day-01-opening.mp3","/audio/system","/audio/system/day-01-opening.mp3","true"
"character-药","character","1","药","药","结束后停顿400ms","-15%","药.mp3","/audio/characters","/audio/characters/药.mp3","true"
"day-1-1-explanation","explanation","1","药","吃药的药。","结束后停顿300ms","-15%","day-01-1-explanation.mp3","/audio/lessons","/audio/lessons/day-01-1-explanation.mp3","true"
"day-1-1-example","example","1","药","早上吃一次药。","无","-15%","day-01-1-example.mp3","/audio/lessons","/audio/lessons/day-01-1-example.mp3","true"
"day-1-1-question","question","1","药","请找出药字。","无","-15%","day-01-1-question.mp3","/audio/questions","/audio/questions/day-01-1-question.mp3","true"
"success-药","success","1","药","找对了，这个字念药。","无","-15%","药-success.mp3","/audio/feedback","/audio/feedback/药-success.mp3","true"
"retry-药","retry","1","药","没关系，我们再看一次。这个字念药。","无","-15%","药-retry.mp3","/audio/feedback","/audio/feedback/药-retry.mp3","true"
"character-早","character","1","早","早","结束后停顿400ms","-15%","早.mp3","/audio/characters","/audio/characters/早.mp3","true"
"day-1-2-explanation","explanation","1","早","早晨的早。","结束后停顿300ms","-15%","day-01-2-explanation.mp3","/audio/lessons","/audio/lessons/day-01-2-explanation.mp3","true"
"day-1-2-example","example","1","早","早上吃药。","无","-15%","day-01-2-example.mp3","/audio/lessons","/audio/lessons/day-01-2-example.mp3","true"
"day-1-2-question","question","1","早","请找出早字。","无","-15%","day-01-2-question.mp3","/audio/questions","/audio/questions/day-01-2-question.mp3","true"
"success-早","success","1","早","找对了，这个字念早。","无","-15%","早-success.mp3","/audio/feedback","/audio/feedback/早-success.mp3","true"
"retry-早","retry","1","早","没关系，我们再看一次。这个字念早。","无","-15%","早-retry.mp3","/audio/feedback","/audio/feedback/早-retry.mp3","true"
"character-晚","character","1","晚","晚","结束后停顿400ms","-15%","晚.mp3","/audio/characters","/audio/characters/晚.mp3","true"
"day-1-3-explanation","explanation","1","晚","晚上的晚。","结束后停顿300ms","-15%","day-01-3-explanation.mp3","/audio/lessons","/audio/lessons/day-01-3-explanation.mp3","true"
"day-1-3-example","example","1","晚","晚上再吃一次。","无","-15%","day-01-3-example.mp3","/audio/lessons","/audio/lessons/day-01-3-example.mp3","true"
"day-1-3-question","question","1","晚","请找出晚字。","无","-15%","day-01-3-question.mp3","/audio/questions","/audio/questions/day-01-3-question.mp3","true"
"success-晚","success","1","晚","找对了，这个字念晚。","无","-15%","晚-success.mp3","/audio/feedback","/audio/feedback/晚-success.mp3","true"
"retry-晚","retry","1","晚","没关系，我们再看一次。这个字念晚。","无","-15%","晚-retry.mp3","/audio/feedback","/audio/feedback/晚-retry.mp3","true"
"day-2-opening","opening","2","","今天我们学习学会看懂价格和重量，一共认识3个字。","无","-15%","day-02-opening.mp3","/audio/system","/audio/system/day-02-opening.mp3","true"
"character-钱","character","2","钱","钱","结束后停顿400ms","-15%","钱.mp3","/audio/characters","/audio/characters/钱.mp3","true"
"day-2-1-explanation","explanation","2","钱","买东西要用的钱","结束后停顿300ms","-15%","day-02-1-explanation.mp3","/audio/lessons","/audio/lessons/day-02-1-explanation.mp3","true"
"day-2-1-example","example","2","钱","这些要多少钱？","无","-15%","day-02-1-example.mp3","/audio/lessons","/audio/lessons/day-02-1-example.mp3","true"
"day-2-1-question","question","2","钱","请找出钱字。","无","-15%","day-02-1-question.mp3","/audio/questions","/audio/questions/day-02-1-question.mp3","true"
"success-钱","success","2","钱","找对了，这个字念钱。","无","-15%","钱-success.mp3","/audio/feedback","/audio/feedback/钱-success.mp3","true"
"retry-钱","retry","2","钱","没关系，我们再看一次。这个字念钱。","无","-15%","钱-retry.mp3","/audio/feedback","/audio/feedback/钱-retry.mp3","true"
"character-元","character","2","元","元","结束后停顿400ms","-15%","元.mp3","/audio/characters","/audio/characters/元.mp3","true"
"day-2-2-explanation","explanation","2","元","常见的钱数单位","结束后停顿300ms","-15%","day-02-2-explanation.mp3","/audio/lessons","/audio/lessons/day-02-2-explanation.mp3","true"
"day-2-2-example","example","2","元","一共十元。","无","-15%","day-02-2-example.mp3","/audio/lessons","/audio/lessons/day-02-2-example.mp3","true"
"day-2-2-question","question","2","元","请找出元字。","无","-15%","day-02-2-question.mp3","/audio/questions","/audio/questions/day-02-2-question.mp3","true"
"success-元","success","2","元","找对了，这个字念元。","无","-15%","元-success.mp3","/audio/feedback","/audio/feedback/元-success.mp3","true"
"retry-元","retry","2","元","没关系，我们再看一次。这个字念元。","无","-15%","元-retry.mp3","/audio/feedback","/audio/feedback/元-retry.mp3","true"
"character-斤","character","2","斤","斤","结束后停顿400ms","-15%","斤.mp3","/audio/characters","/audio/characters/斤.mp3","true"
"day-2-3-explanation","explanation","2","斤","买菜常用的重量","结束后停顿300ms","-15%","day-02-3-explanation.mp3","/audio/lessons","/audio/lessons/day-02-3-explanation.mp3","true"
"day-2-3-example","example","2","斤","买一斤菜。","无","-15%","day-02-3-example.mp3","/audio/lessons","/audio/lessons/day-02-3-example.mp3","true"
"day-2-3-question","question","2","斤","请找出斤字。","无","-15%","day-02-3-question.mp3","/audio/questions","/audio/questions/day-02-3-question.mp3","true"
"success-斤","success","2","斤","找对了，这个字念斤。","无","-15%","斤-success.mp3","/audio/feedback","/audio/feedback/斤-success.mp3","true"
"retry-斤","retry","2","斤","没关系，我们再看一次。这个字念斤。","无","-15%","斤-retry.mp3","/audio/feedback","/audio/feedback/斤-retry.mp3","true"
"day-3-opening","opening","3","","今天我们学习学会看懂车站和道路，一共认识3个字。","无","-15%","day-03-opening.mp3","/audio/system","/audio/system/day-03-opening.mp3","true"
"character-车","character","3","车","车","结束后停顿400ms","-15%","车.mp3","/audio/characters","/audio/characters/车.mp3","true"
"day-3-1-explanation","explanation","3","车","载人出行的车","结束后停顿300ms","-15%","day-03-1-explanation.mp3","/audio/lessons","/audio/lessons/day-03-1-explanation.mp3","true"
"day-3-1-example","example","3","车","车来了。","无","-15%","day-03-1-example.mp3","/audio/lessons","/audio/lessons/day-03-1-example.mp3","true"
"day-3-1-question","question","3","车","请找出车字。","无","-15%","day-03-1-question.mp3","/audio/questions","/audio/questions/day-03-1-question.mp3","true"
"success-车","success","3","车","找对了，这个字念车。","无","-15%","车-success.mp3","/audio/feedback","/audio/feedback/车-success.mp3","true"
"retry-车","retry","3","车","没关系，我们再看一次。这个字念车。","无","-15%","车-retry.mp3","/audio/feedback","/audio/feedback/车-retry.mp3","true"
"character-站","character","3","站","站","结束后停顿400ms","-15%","站.mp3","/audio/characters","/audio/characters/站.mp3","true"
"day-3-2-explanation","explanation","3","站","等车或下车的地方","结束后停顿300ms","-15%","day-03-2-explanation.mp3","/audio/lessons","/audio/lessons/day-03-2-explanation.mp3","true"
"day-3-2-example","example","3","站","下一站下车。","无","-15%","day-03-2-example.mp3","/audio/lessons","/audio/lessons/day-03-2-example.mp3","true"
"day-3-2-question","question","3","站","请找出站字。","无","-15%","day-03-2-question.mp3","/audio/questions","/audio/questions/day-03-2-question.mp3","true"
"success-站","success","3","站","找对了，这个字念站。","无","-15%","站-success.mp3","/audio/feedback","/audio/feedback/站-success.mp3","true"
"retry-站","retry","3","站","没关系，我们再看一次。这个字念站。","无","-15%","站-retry.mp3","/audio/feedback","/audio/feedback/站-retry.mp3","true"
"character-路","character","3","路","路","结束后停顿400ms","-15%","路.mp3","/audio/characters","/audio/characters/路.mp3","true"
"day-3-3-explanation","explanation","3","路","人和车走的道路","结束后停顿300ms","-15%","day-03-3-explanation.mp3","/audio/lessons","/audio/lessons/day-03-3-explanation.mp3","true"
"day-3-3-example","example","3","路","这条路往前走。","无","-15%","day-03-3-example.mp3","/audio/lessons","/audio/lessons/day-03-3-example.mp3","true"
"day-3-3-question","question","3","路","请找出路字。","无","-15%","day-03-3-question.mp3","/audio/questions","/audio/questions/day-03-3-question.mp3","true"
"success-路","success","3","路","找对了，这个字念路。","无","-15%","路-success.mp3","/audio/feedback","/audio/feedback/路-success.mp3","true"
"retry-路","retry","3","路","没关系，我们再看一次。这个字念路。","无","-15%","路-retry.mp3","/audio/feedback","/audio/feedback/路-retry.mp3","true"
"day-4-opening","opening","4","","今天我们学习学会认出危险提示，一共认识3个字。","无","-15%","day-04-opening.mp3","/audio/system","/audio/system/day-04-opening.mp3","true"
"character-火","character","4","火","火","结束后停顿400ms","-15%","火.mp3","/audio/characters","/audio/characters/火.mp3","true"
"day-4-1-explanation","explanation","4","火","会发热发光的火","结束后停顿300ms","-15%","day-04-1-explanation.mp3","/audio/lessons","/audio/lessons/day-04-1-explanation.mp3","true"
"day-4-1-example","example","4","火","小心有火。","无","-15%","day-04-1-example.mp3","/audio/lessons","/audio/lessons/day-04-1-example.mp3","true"
"day-4-1-question","question","4","火","请找出火字。","无","-15%","day-04-1-question.mp3","/audio/questions","/audio/questions/day-04-1-question.mp3","true"
"success-火","success","4","火","找对了，这个字念火。","无","-15%","火-success.mp3","/audio/feedback","/audio/feedback/火-success.mp3","true"
"retry-火","retry","4","火","没关系，我们再看一次。这个字念火。","无","-15%","火-retry.mp3","/audio/feedback","/audio/feedback/火-retry.mp3","true"
"character-电","character","4","电","电","结束后停顿400ms","-15%","电.mp3","/audio/characters","/audio/characters/电.mp3","true"
"day-4-2-explanation","explanation","4","电","电器使用的电","结束后停顿300ms","-15%","day-04-2-explanation.mp3","/audio/lessons","/audio/lessons/day-04-2-explanation.mp3","true"
"day-4-2-example","example","4","电","不要碰电。","无","-15%","day-04-2-example.mp3","/audio/lessons","/audio/lessons/day-04-2-example.mp3","true"
"day-4-2-question","question","4","电","请找出电字。","无","-15%","day-04-2-question.mp3","/audio/questions","/audio/questions/day-04-2-question.mp3","true"
"success-电","success","4","电","找对了，这个字念电。","无","-15%","电-success.mp3","/audio/feedback","/audio/feedback/电-success.mp3","true"
"retry-电","retry","4","电","没关系，我们再看一次。这个字念电。","无","-15%","电-retry.mp3","/audio/feedback","/audio/feedback/电-retry.mp3","true"
"character-险","character","4","险","险","结束后停顿400ms","-15%","险.mp3","/audio/characters","/audio/characters/险.mp3","true"
"day-4-3-explanation","explanation","4","险","表示有危险","结束后停顿300ms","-15%","day-04-3-explanation.mp3","/audio/lessons","/audio/lessons/day-04-3-explanation.mp3","true"
"day-4-3-example","example","4","险","这里危险，不要靠近。","无","-15%","day-04-3-example.mp3","/audio/lessons","/audio/lessons/day-04-3-example.mp3","true"
"day-4-3-question","question","4","险","请找出险字。","无","-15%","day-04-3-question.mp3","/audio/questions","/audio/questions/day-04-3-question.mp3","true"
"success-险","success","4","险","找对了，这个字念险。","无","-15%","险-success.mp3","/audio/feedback","/audio/feedback/险-success.mp3","true"
"retry-险","retry","4","险","没关系，我们再看一次。这个字念险。","无","-15%","险-retry.mp3","/audio/feedback","/audio/feedback/险-retry.mp3","true"
"day-5-opening","opening","5","","今天我们学习学会看懂开关和接听，一共认识3个字。","无","-15%","day-05-opening.mp3","/audio/system","/audio/system/day-05-opening.mp3","true"
"character-开","character","5","开","开","结束后停顿400ms","-15%","开.mp3","/audio/characters","/audio/characters/开.mp3","true"
"day-5-1-explanation","explanation","5","开","让东西开始工作","结束后停顿300ms","-15%","day-05-1-explanation.mp3","/audio/lessons","/audio/lessons/day-05-1-explanation.mp3","true"
"day-5-1-example","example","5","开","把灯打开。","无","-15%","day-05-1-example.mp3","/audio/lessons","/audio/lessons/day-05-1-example.mp3","true"
"day-5-1-question","question","5","开","请找出开字。","无","-15%","day-05-1-question.mp3","/audio/questions","/audio/questions/day-05-1-question.mp3","true"
"success-开","success","5","开","找对了，这个字念开。","无","-15%","开-success.mp3","/audio/feedback","/audio/feedback/开-success.mp3","true"
"retry-开","retry","5","开","没关系，我们再看一次。这个字念开。","无","-15%","开-retry.mp3","/audio/feedback","/audio/feedback/开-retry.mp3","true"
"character-关","character","5","关","关","结束后停顿400ms","-15%","关.mp3","/audio/characters","/audio/characters/关.mp3","true"
"day-5-2-explanation","explanation","5","关","让东西停止工作","结束后停顿300ms","-15%","day-05-2-explanation.mp3","/audio/lessons","/audio/lessons/day-05-2-explanation.mp3","true"
"day-5-2-example","example","5","关","把火关掉。","无","-15%","day-05-2-example.mp3","/audio/lessons","/audio/lessons/day-05-2-example.mp3","true"
"day-5-2-question","question","5","关","请找出关字。","无","-15%","day-05-2-question.mp3","/audio/questions","/audio/questions/day-05-2-question.mp3","true"
"success-关","success","5","关","找对了，这个字念关。","无","-15%","关-success.mp3","/audio/feedback","/audio/feedback/关-success.mp3","true"
"retry-关","retry","5","关","没关系，我们再看一次。这个字念关。","无","-15%","关-retry.mp3","/audio/feedback","/audio/feedback/关-retry.mp3","true"
"character-接","character","5","接","接","结束后停顿400ms","-15%","接.mp3","/audio/characters","/audio/characters/接.mp3","true"
"day-5-3-explanation","explanation","5","接","接起打来的电话","结束后停顿300ms","-15%","day-05-3-explanation.mp3","/audio/lessons","/audio/lessons/day-05-3-explanation.mp3","true"
"day-5-3-example","example","5","接","家人来电话，点接。","无","-15%","day-05-3-example.mp3","/audio/lessons","/audio/lessons/day-05-3-example.mp3","true"
"day-5-3-question","question","5","接","请找出接字。","无","-15%","day-05-3-question.mp3","/audio/questions","/audio/questions/day-05-3-question.mp3","true"
"success-接","success","5","接","找对了，这个字念接。","无","-15%","接-success.mp3","/audio/feedback","/audio/feedback/接-success.mp3","true"
"retry-接","retry","5","接","没关系，我们再看一次。这个字念接。","无","-15%","接-retry.mp3","/audio/feedback","/audio/feedback/接-retry.mp3","true"
"day-6-opening","opening","6","","今天我们学习学会看懂厕所和房间标志，一共认识3个字。","无","-15%","day-06-opening.mp3","/audio/system","/audio/system/day-06-opening.mp3","true"
"character-男","character","6","男","男","结束后停顿400ms","-15%","男.mp3","/audio/characters","/audio/characters/男.mp3","true"
"day-6-1-explanation","explanation","6","男","男性标志","结束后停顿300ms","-15%","day-06-1-explanation.mp3","/audio/lessons","/audio/lessons/day-06-1-explanation.mp3","true"
"day-6-1-example","example","6","男","这是男厕所。","无","-15%","day-06-1-example.mp3","/audio/lessons","/audio/lessons/day-06-1-example.mp3","true"
"day-6-1-question","question","6","男","请找出男字。","无","-15%","day-06-1-question.mp3","/audio/questions","/audio/questions/day-06-1-question.mp3","true"
"success-男","success","6","男","找对了，这个字念男。","无","-15%","男-success.mp3","/audio/feedback","/audio/feedback/男-success.mp3","true"
"retry-男","retry","6","男","没关系，我们再看一次。这个字念男。","无","-15%","男-retry.mp3","/audio/feedback","/audio/feedback/男-retry.mp3","true"
"character-女","character","6","女","女","结束后停顿400ms","-15%","女.mp3","/audio/characters","/audio/characters/女.mp3","true"
"day-6-2-explanation","explanation","6","女","女性标志","结束后停顿300ms","-15%","day-06-2-explanation.mp3","/audio/lessons","/audio/lessons/day-06-2-explanation.mp3","true"
"day-6-2-example","example","6","女","这是女厕所。","无","-15%","day-06-2-example.mp3","/audio/lessons","/audio/lessons/day-06-2-example.mp3","true"
"day-6-2-question","question","6","女","请找出女字。","无","-15%","day-06-2-question.mp3","/audio/questions","/audio/questions/day-06-2-question.mp3","true"
"success-女","success","6","女","找对了，这个字念女。","无","-15%","女-success.mp3","/audio/feedback","/audio/feedback/女-success.mp3","true"
"retry-女","retry","6","女","没关系，我们再看一次。这个字念女。","无","-15%","女-retry.mp3","/audio/feedback","/audio/feedback/女-retry.mp3","true"
"character-间","character","6","间","间","结束后停顿400ms","-15%","间.mp3","/audio/characters","/audio/characters/间.mp3","true"
"day-6-3-explanation","explanation","6","间","房间的间","结束后停顿300ms","-15%","day-06-3-explanation.mp3","/audio/lessons","/audio/lessons/day-06-3-explanation.mp3","true"
"day-6-3-example","example","6","间","卫生间在前面。","无","-15%","day-06-3-example.mp3","/audio/lessons","/audio/lessons/day-06-3-example.mp3","true"
"day-6-3-question","question","6","间","请找出间字。","无","-15%","day-06-3-question.mp3","/audio/questions","/audio/questions/day-06-3-question.mp3","true"
"success-间","success","6","间","找对了，这个字念间。","无","-15%","间-success.mp3","/audio/feedback","/audio/feedback/间-success.mp3","true"
"retry-间","retry","6","间","没关系，我们再看一次。这个字念间。","无","-15%","间-retry.mp3","/audio/feedback","/audio/feedback/间-retry.mp3","true"
"day-7-opening","opening","7","","今天我们学习学会看懂医院常见字，一共认识3个字。","无","-15%","day-07-opening.mp3","/audio/system","/audio/system/day-07-opening.mp3","true"
"character-医","character","7","医","医","结束后停顿400ms","-15%","医.mp3","/audio/characters","/audio/characters/医.mp3","true"
"day-7-1-explanation","explanation","7","医","看病治病","结束后停顿300ms","-15%","day-07-1-explanation.mp3","/audio/lessons","/audio/lessons/day-07-1-explanation.mp3","true"
"day-7-1-example","example","7","医","去找医生。","无","-15%","day-07-1-example.mp3","/audio/lessons","/audio/lessons/day-07-1-example.mp3","true"
"day-7-1-question","question","7","医","请找出医字。","无","-15%","day-07-1-question.mp3","/audio/questions","/audio/questions/day-07-1-question.mp3","true"
"success-医","success","7","医","找对了，这个字念医。","无","-15%","医-success.mp3","/audio/feedback","/audio/feedback/医-success.mp3","true"
"retry-医","retry","7","医","没关系，我们再看一次。这个字念医。","无","-15%","医-retry.mp3","/audio/feedback","/audio/feedback/医-retry.mp3","true"
"character-院","character","7","院","院","结束后停顿400ms","-15%","院.mp3","/audio/characters","/audio/characters/院.mp3","true"
"day-7-2-explanation","explanation","7","院","医院的院","结束后停顿300ms","-15%","day-07-2-explanation.mp3","/audio/lessons","/audio/lessons/day-07-2-explanation.mp3","true"
"day-7-2-example","example","7","院","医院在前面。","无","-15%","day-07-2-example.mp3","/audio/lessons","/audio/lessons/day-07-2-example.mp3","true"
"day-7-2-question","question","7","院","请找出院字。","无","-15%","day-07-2-question.mp3","/audio/questions","/audio/questions/day-07-2-question.mp3","true"
"success-院","success","7","院","找对了，这个字念院。","无","-15%","院-success.mp3","/audio/feedback","/audio/feedback/院-success.mp3","true"
"retry-院","retry","7","院","没关系，我们再看一次。这个字念院。","无","-15%","院-retry.mp3","/audio/feedback","/audio/feedback/院-retry.mp3","true"
"character-病","character","7","病","病","结束后停顿400ms","-15%","病.mp3","/audio/characters","/audio/characters/病.mp3","true"
"day-7-3-explanation","explanation","7","病","身体不舒服","结束后停顿300ms","-15%","day-07-3-explanation.mp3","/audio/lessons","/audio/lessons/day-07-3-explanation.mp3","true"
"day-7-3-example","example","7","病","生病了要看医生。","无","-15%","day-07-3-example.mp3","/audio/lessons","/audio/lessons/day-07-3-example.mp3","true"
"day-7-3-question","question","7","病","请找出病字。","无","-15%","day-07-3-question.mp3","/audio/questions","/audio/questions/day-07-3-question.mp3","true"
"success-病","success","7","病","找对了，这个字念病。","无","-15%","病-success.mp3","/audio/feedback","/audio/feedback/病-success.mp3","true"
"retry-病","retry","7","病","没关系，我们再看一次。这个字念病。","无","-15%","病-retry.mp3","/audio/feedback","/audio/feedback/病-retry.mp3","true"
"day-8-opening","opening","8","","今天我们学习学会看懂银行和取款机，一共认识3个字。","无","-15%","day-08-opening.mp3","/audio/system","/audio/system/day-08-opening.mp3","true"
"character-银","character","8","银","银","结束后停顿400ms","-15%","银.mp3","/audio/characters","/audio/characters/银.mp3","true"
"day-8-1-explanation","explanation","8","银","银行的银","结束后停顿300ms","-15%","day-08-1-explanation.mp3","/audio/lessons","/audio/lessons/day-08-1-explanation.mp3","true"
"day-8-1-example","example","8","银","去银行取钱。","无","-15%","day-08-1-example.mp3","/audio/lessons","/audio/lessons/day-08-1-example.mp3","true"
"day-8-1-question","question","8","银","请找出银字。","无","-15%","day-08-1-question.mp3","/audio/questions","/audio/questions/day-08-1-question.mp3","true"
"success-银","success","8","银","找对了，这个字念银。","无","-15%","银-success.mp3","/audio/feedback","/audio/feedback/银-success.mp3","true"
"retry-银","retry","8","银","没关系，我们再看一次。这个字念银。","无","-15%","银-retry.mp3","/audio/feedback","/audio/feedback/银-retry.mp3","true"
"character-行","character","8","行","行","结束后停顿400ms","-15%","行.mp3","/audio/characters","/audio/characters/行.mp3","true"
"day-8-2-explanation","explanation","8","行","银行的行","结束后停顿300ms","-15%","day-08-2-explanation.mp3","/audio/lessons","/audio/lessons/day-08-2-explanation.mp3","true"
"day-8-2-example","example","8","行","这是一家银行。","无","-15%","day-08-2-example.mp3","/audio/lessons","/audio/lessons/day-08-2-example.mp3","true"
"day-8-2-question","question","8","行","请找出行字。","无","-15%","day-08-2-question.mp3","/audio/questions","/audio/questions/day-08-2-question.mp3","true"
"success-行","success","8","行","找对了，这个字念行。","无","-15%","行-success.mp3","/audio/feedback","/audio/feedback/行-success.mp3","true"
"retry-行","retry","8","行","没关系，我们再看一次。这个字念行。","无","-15%","行-retry.mp3","/audio/feedback","/audio/feedback/行-retry.mp3","true"
"character-取","character","8","取","取","结束后停顿400ms","-15%","取.mp3","/audio/characters","/audio/characters/取.mp3","true"
"day-8-3-explanation","explanation","8","取","把东西拿出来","结束后停顿300ms","-15%","day-08-3-explanation.mp3","/audio/lessons","/audio/lessons/day-08-3-explanation.mp3","true"
"day-8-3-example","example","8","取","从机器里取钱。","无","-15%","day-08-3-example.mp3","/audio/lessons","/audio/lessons/day-08-3-example.mp3","true"
"day-8-3-question","question","8","取","请找出取字。","无","-15%","day-08-3-question.mp3","/audio/questions","/audio/questions/day-08-3-question.mp3","true"
"success-取","success","8","取","找对了，这个字念取。","无","-15%","取-success.mp3","/audio/feedback","/audio/feedback/取-success.mp3","true"
"retry-取","retry","8","取","没关系，我们再看一次。这个字念取。","无","-15%","取-retry.mp3","/audio/feedback","/audio/feedback/取-retry.mp3","true"
"day-9-opening","opening","9","","今天我们学习学会看懂付款提示，一共认识3个字。","无","-15%","day-09-opening.mp3","/audio/system","/audio/system/day-09-opening.mp3","true"
"character-付","character","9","付","付","结束后停顿400ms","-15%","付.mp3","/audio/characters","/audio/characters/付.mp3","true"
"day-9-1-explanation","explanation","9","付","把钱交出去","结束后停顿300ms","-15%","day-09-1-explanation.mp3","/audio/lessons","/audio/lessons/day-09-1-explanation.mp3","true"
"day-9-1-example","example","9","付","买完东西要付款。","无","-15%","day-09-1-example.mp3","/audio/lessons","/audio/lessons/day-09-1-example.mp3","true"
"day-9-1-question","question","9","付","请找出付字。","无","-15%","day-09-1-question.mp3","/audio/questions","/audio/questions/day-09-1-question.mp3","true"
"success-付","success","9","付","找对了，这个字念付。","无","-15%","付-success.mp3","/audio/feedback","/audio/feedback/付-success.mp3","true"
"retry-付","retry","9","付","没关系，我们再看一次。这个字念付。","无","-15%","付-retry.mp3","/audio/feedback","/audio/feedback/付-retry.mp3","true"
"character-扫","character","9","扫","扫","结束后停顿400ms","-15%","扫.mp3","/audio/characters","/audio/characters/扫.mp3","true"
"day-9-2-explanation","explanation","9","扫","用手机扫一下","结束后停顿300ms","-15%","day-09-2-explanation.mp3","/audio/lessons","/audio/lessons/day-09-2-explanation.mp3","true"
"day-9-2-example","example","9","扫","打开手机扫一扫。","无","-15%","day-09-2-example.mp3","/audio/lessons","/audio/lessons/day-09-2-example.mp3","true"
"day-9-2-question","question","9","扫","请找出扫字。","无","-15%","day-09-2-question.mp3","/audio/questions","/audio/questions/day-09-2-question.mp3","true"
"success-扫","success","9","扫","找对了，这个字念扫。","无","-15%","扫-success.mp3","/audio/feedback","/audio/feedback/扫-success.mp3","true"
"retry-扫","retry","9","扫","没关系，我们再看一次。这个字念扫。","无","-15%","扫-retry.mp3","/audio/feedback","/audio/feedback/扫-retry.mp3","true"
"character-码","character","9","码","码","结束后停顿400ms","-15%","码.mp3","/audio/characters","/audio/characters/码.mp3","true"
"day-9-3-explanation","explanation","9","码","手机上的方块图案","结束后停顿300ms","-15%","day-09-3-explanation.mp3","/audio/lessons","/audio/lessons/day-09-3-explanation.mp3","true"
"day-9-3-example","example","9","码","请出示付款码。","无","-15%","day-09-3-example.mp3","/audio/lessons","/audio/lessons/day-09-3-example.mp3","true"
"day-9-3-question","question","9","码","请找出码字。","无","-15%","day-09-3-question.mp3","/audio/questions","/audio/questions/day-09-3-question.mp3","true"
"success-码","success","9","码","找对了，这个字念码。","无","-15%","码-success.mp3","/audio/feedback","/audio/feedback/码-success.mp3","true"
"retry-码","retry","9","码","没关系，我们再看一次。这个字念码。","无","-15%","码-retry.mp3","/audio/feedback","/audio/feedback/码-retry.mp3","true"
"day-10-opening","opening","10","","今天我们学习学会看懂公交车提示，一共认识3个字。","无","-15%","day-10-opening.mp3","/audio/system","/audio/system/day-10-opening.mp3","true"
"character-上","character","10","上","上","结束后停顿400ms","-15%","上.mp3","/audio/characters","/audio/characters/上.mp3","true"
"day-10-1-explanation","explanation","10","上","往高处或进入车里","结束后停顿300ms","-15%","day-10-1-explanation.mp3","/audio/lessons","/audio/lessons/day-10-1-explanation.mp3","true"
"day-10-1-example","example","10","上","从前门上车。","无","-15%","day-10-1-example.mp3","/audio/lessons","/audio/lessons/day-10-1-example.mp3","true"
"day-10-1-question","question","10","上","请找出上字。","无","-15%","day-10-1-question.mp3","/audio/questions","/audio/questions/day-10-1-question.mp3","true"
"success-上","success","10","上","找对了，这个字念上。","无","-15%","上-success.mp3","/audio/feedback","/audio/feedback/上-success.mp3","true"
"retry-上","retry","10","上","没关系，我们再看一次。这个字念上。","无","-15%","上-retry.mp3","/audio/feedback","/audio/feedback/上-retry.mp3","true"
"character-下","character","10","下","下","结束后停顿400ms","-15%","下.mp3","/audio/characters","/audio/characters/下.mp3","true"
"day-10-2-explanation","explanation","10","下","往低处或离开车","结束后停顿300ms","-15%","day-10-2-explanation.mp3","/audio/lessons","/audio/lessons/day-10-2-explanation.mp3","true"
"day-10-2-example","example","10","下","到站下车。","无","-15%","day-10-2-example.mp3","/audio/lessons","/audio/lessons/day-10-2-example.mp3","true"
"day-10-2-question","question","10","下","请找出下字。","无","-15%","day-10-2-question.mp3","/audio/questions","/audio/questions/day-10-2-question.mp3","true"
"success-下","success","10","下","找对了，这个字念下。","无","-15%","下-success.mp3","/audio/feedback","/audio/feedback/下-success.mp3","true"
"retry-下","retry","10","下","没关系，我们再看一次。这个字念下。","无","-15%","下-retry.mp3","/audio/feedback","/audio/feedback/下-retry.mp3","true"
"character-座","character","10","座","座","结束后停顿400ms","-15%","座.mp3","/audio/characters","/audio/characters/座.mp3","true"
"day-10-3-explanation","explanation","10","座","坐下的位置","结束后停顿300ms","-15%","day-10-3-explanation.mp3","/audio/lessons","/audio/lessons/day-10-3-explanation.mp3","true"
"day-10-3-example","example","10","座","这里有座位。","无","-15%","day-10-3-example.mp3","/audio/lessons","/audio/lessons/day-10-3-example.mp3","true"
"day-10-3-question","question","10","座","请找出座字。","无","-15%","day-10-3-question.mp3","/audio/questions","/audio/questions/day-10-3-question.mp3","true"
"success-座","success","10","座","找对了，这个字念座。","无","-15%","座-success.mp3","/audio/feedback","/audio/feedback/座-success.mp3","true"
"retry-座","retry","10","座","没关系，我们再看一次。这个字念座。","无","-15%","座-retry.mp3","/audio/feedback","/audio/feedback/座-retry.mp3","true"
"day-11-opening","opening","11","","今天我们学习学会找到进站和出口，一共认识3个字。","无","-15%","day-11-opening.mp3","/audio/system","/audio/system/day-11-opening.mp3","true"
"character-进","character","11","进","进","结束后停顿400ms","-15%","进.mp3","/audio/characters","/audio/characters/进.mp3","true"
"day-11-1-explanation","explanation","11","进","从外面到里面","结束后停顿300ms","-15%","day-11-1-explanation.mp3","/audio/lessons","/audio/lessons/day-11-1-explanation.mp3","true"
"day-11-1-example","example","11","进","从这里进站。","无","-15%","day-11-1-example.mp3","/audio/lessons","/audio/lessons/day-11-1-example.mp3","true"
"day-11-1-question","question","11","进","请找出进字。","无","-15%","day-11-1-question.mp3","/audio/questions","/audio/questions/day-11-1-question.mp3","true"
"success-进","success","11","进","找对了，这个字念进。","无","-15%","进-success.mp3","/audio/feedback","/audio/feedback/进-success.mp3","true"
"retry-进","retry","11","进","没关系，我们再看一次。这个字念进。","无","-15%","进-retry.mp3","/audio/feedback","/audio/feedback/进-retry.mp3","true"
"character-出","character","11","出","出","结束后停顿400ms","-15%","出.mp3","/audio/characters","/audio/characters/出.mp3","true"
"day-11-2-explanation","explanation","11","出","从里面到外面","结束后停顿300ms","-15%","day-11-2-explanation.mp3","/audio/lessons","/audio/lessons/day-11-2-explanation.mp3","true"
"day-11-2-example","example","11","出","从这里出去。","无","-15%","day-11-2-example.mp3","/audio/lessons","/audio/lessons/day-11-2-example.mp3","true"
"day-11-2-question","question","11","出","请找出出字。","无","-15%","day-11-2-question.mp3","/audio/questions","/audio/questions/day-11-2-question.mp3","true"
"success-出","success","11","出","找对了，这个字念出。","无","-15%","出-success.mp3","/audio/feedback","/audio/feedback/出-success.mp3","true"
"retry-出","retry","11","出","没关系，我们再看一次。这个字念出。","无","-15%","出-retry.mp3","/audio/feedback","/audio/feedback/出-retry.mp3","true"
"character-口","character","11","口","口","结束后停顿400ms","-15%","口.mp3","/audio/characters","/audio/characters/口.mp3","true"
"day-11-3-explanation","explanation","11","口","入口出口的口","结束后停顿300ms","-15%","day-11-3-explanation.mp3","/audio/lessons","/audio/lessons/day-11-3-explanation.mp3","true"
"day-11-3-example","example","11","口","出口在右边。","无","-15%","day-11-3-example.mp3","/audio/lessons","/audio/lessons/day-11-3-example.mp3","true"
"day-11-3-question","question","11","口","请找出口字。","无","-15%","day-11-3-question.mp3","/audio/questions","/audio/questions/day-11-3-question.mp3","true"
"success-口","success","11","口","找对了，这个字念口。","无","-15%","口-success.mp3","/audio/feedback","/audio/feedback/口-success.mp3","true"
"retry-口","retry","11","口","没关系，我们再看一次。这个字念口。","无","-15%","口-retry.mp3","/audio/feedback","/audio/feedback/口-retry.mp3","true"
"day-12-opening","opening","12","","今天我们学习学会找到挂号和门诊，一共认识3个字。","无","-15%","day-12-opening.mp3","/audio/system","/audio/system/day-12-opening.mp3","true"
"character-挂","character","12","挂","挂","结束后停顿400ms","-15%","挂.mp3","/audio/characters","/audio/characters/挂.mp3","true"
"day-12-1-explanation","explanation","12","挂","挂号的挂","结束后停顿300ms","-15%","day-12-1-explanation.mp3","/audio/lessons","/audio/lessons/day-12-1-explanation.mp3","true"
"day-12-1-example","example","12","挂","先去挂号。","无","-15%","day-12-1-example.mp3","/audio/lessons","/audio/lessons/day-12-1-example.mp3","true"
"day-12-1-question","question","12","挂","请找出挂字。","无","-15%","day-12-1-question.mp3","/audio/questions","/audio/questions/day-12-1-question.mp3","true"
"success-挂","success","12","挂","找对了，这个字念挂。","无","-15%","挂-success.mp3","/audio/feedback","/audio/feedback/挂-success.mp3","true"
"retry-挂","retry","12","挂","没关系，我们再看一次。这个字念挂。","无","-15%","挂-retry.mp3","/audio/feedback","/audio/feedback/挂-retry.mp3","true"
"character-号","character","12","号","号","结束后停顿400ms","-15%","号.mp3","/audio/characters","/audio/characters/号.mp3","true"
"day-12-2-explanation","explanation","12","号","号码的号","结束后停顿300ms","-15%","day-12-2-explanation.mp3","/audio/lessons","/audio/lessons/day-12-2-explanation.mp3","true"
"day-12-2-example","example","12","号","请看手里的号。","无","-15%","day-12-2-example.mp3","/audio/lessons","/audio/lessons/day-12-2-example.mp3","true"
"day-12-2-question","question","12","号","请找出号字。","无","-15%","day-12-2-question.mp3","/audio/questions","/audio/questions/day-12-2-question.mp3","true"
"success-号","success","12","号","找对了，这个字念号。","无","-15%","号-success.mp3","/audio/feedback","/audio/feedback/号-success.mp3","true"
"retry-号","retry","12","号","没关系，我们再看一次。这个字念号。","无","-15%","号-retry.mp3","/audio/feedback","/audio/feedback/号-retry.mp3","true"
"character-诊","character","12","诊","诊","结束后停顿400ms","-15%","诊.mp3","/audio/characters","/audio/characters/诊.mp3","true"
"day-12-3-explanation","explanation","12","诊","医生看病","结束后停顿300ms","-15%","day-12-3-explanation.mp3","/audio/lessons","/audio/lessons/day-12-3-explanation.mp3","true"
"day-12-3-example","example","12","诊","门诊在一楼。","无","-15%","day-12-3-example.mp3","/audio/lessons","/audio/lessons/day-12-3-example.mp3","true"
"day-12-3-question","question","12","诊","请找出诊字。","无","-15%","day-12-3-question.mp3","/audio/questions","/audio/questions/day-12-3-question.mp3","true"
"success-诊","success","12","诊","找对了，这个字念诊。","无","-15%","诊-success.mp3","/audio/feedback","/audio/feedback/诊-success.mp3","true"
"retry-诊","retry","12","诊","没关系，我们再看一次。这个字念诊。","无","-15%","诊-retry.mp3","/audio/feedback","/audio/feedback/诊-retry.mp3","true"
"day-13-opening","opening","13","","今天我们学习学会看懂药盒重要提示，一共认识3个字。","无","-15%","day-13-opening.mp3","/audio/system","/audio/system/day-13-opening.mp3","true"
"character-片","character","13","片","片","结束后停顿400ms","-15%","片.mp3","/audio/characters","/audio/characters/片.mp3","true"
"day-13-1-explanation","explanation","13","片","药片的片","结束后停顿300ms","-15%","day-13-1-explanation.mp3","/audio/lessons","/audio/lessons/day-13-1-explanation.mp3","true"
"day-13-1-example","example","13","片","一次吃一片。","无","-15%","day-13-1-example.mp3","/audio/lessons","/audio/lessons/day-13-1-example.mp3","true"
"day-13-1-question","question","13","片","请找出片字。","无","-15%","day-13-1-question.mp3","/audio/questions","/audio/questions/day-13-1-question.mp3","true"
"success-片","success","13","片","找对了，这个字念片。","无","-15%","片-success.mp3","/audio/feedback","/audio/feedback/片-success.mp3","true"
"retry-片","retry","13","片","没关系，我们再看一次。这个字念片。","无","-15%","片-retry.mp3","/audio/feedback","/audio/feedback/片-retry.mp3","true"
"character-次","character","13","次","次","结束后停顿400ms","-15%","次.mp3","/audio/characters","/audio/characters/次.mp3","true"
"day-13-2-explanation","explanation","13","次","次数的次","结束后停顿300ms","-15%","day-13-2-explanation.mp3","/audio/lessons","/audio/lessons/day-13-2-explanation.mp3","true"
"day-13-2-example","example","13","次","一天吃两次。","无","-15%","day-13-2-example.mp3","/audio/lessons","/audio/lessons/day-13-2-example.mp3","true"
"day-13-2-question","question","13","次","请找出次字。","无","-15%","day-13-2-question.mp3","/audio/questions","/audio/questions/day-13-2-question.mp3","true"
"success-次","success","13","次","找对了，这个字念次。","无","-15%","次-success.mp3","/audio/feedback","/audio/feedback/次-success.mp3","true"
"retry-次","retry","13","次","没关系，我们再看一次。这个字念次。","无","-15%","次-retry.mp3","/audio/feedback","/audio/feedback/次-retry.mp3","true"
"character-饭","character","13","饭","饭","结束后停顿400ms","-15%","饭.mp3","/audio/characters","/audio/characters/饭.mp3","true"
"day-13-3-explanation","explanation","13","饭","吃的饭","结束后停顿300ms","-15%","day-13-3-explanation.mp3","/audio/lessons","/audio/lessons/day-13-3-explanation.mp3","true"
"day-13-3-example","example","13","饭","饭后再吃药。","无","-15%","day-13-3-example.mp3","/audio/lessons","/audio/lessons/day-13-3-example.mp3","true"
"day-13-3-question","question","13","饭","请找出饭字。","无","-15%","day-13-3-question.mp3","/audio/questions","/audio/questions/day-13-3-question.mp3","true"
"success-饭","success","13","饭","找对了，这个字念饭。","无","-15%","饭-success.mp3","/audio/feedback","/audio/feedback/饭-success.mp3","true"
"retry-饭","retry","13","饭","没关系，我们再看一次。这个字念饭。","无","-15%","饭-retry.mp3","/audio/feedback","/audio/feedback/饭-retry.mp3","true"
"day-14-opening","opening","14","","今天我们学习学会认出家中表和阀门，一共认识3个字。","无","-15%","day-14-opening.mp3","/audio/system","/audio/system/day-14-opening.mp3","true"
"character-水","character","14","水","水","结束后停顿400ms","-15%","水.mp3","/audio/characters","/audio/characters/水.mp3","true"
"day-14-1-explanation","explanation","14","水","喝的和用的水","结束后停顿300ms","-15%","day-14-1-explanation.mp3","/audio/lessons","/audio/lessons/day-14-1-explanation.mp3","true"
"day-14-1-example","example","14","水","把水关好。","无","-15%","day-14-1-example.mp3","/audio/lessons","/audio/lessons/day-14-1-example.mp3","true"
"day-14-1-question","question","14","水","请找出水字。","无","-15%","day-14-1-question.mp3","/audio/questions","/audio/questions/day-14-1-question.mp3","true"
"success-水","success","14","水","找对了，这个字念水。","无","-15%","水-success.mp3","/audio/feedback","/audio/feedback/水-success.mp3","true"
"retry-水","retry","14","水","没关系，我们再看一次。这个字念水。","无","-15%","水-retry.mp3","/audio/feedback","/audio/feedback/水-retry.mp3","true"
"character-气","character","14","气","气","结束后停顿400ms","-15%","气.mp3","/audio/characters","/audio/characters/气.mp3","true"
"day-14-2-explanation","explanation","14","气","燃气的气","结束后停顿300ms","-15%","day-14-2-explanation.mp3","/audio/lessons","/audio/lessons/day-14-2-explanation.mp3","true"
"day-14-2-example","example","14","气","闻到燃气要开窗。","无","-15%","day-14-2-example.mp3","/audio/lessons","/audio/lessons/day-14-2-example.mp3","true"
"day-14-2-question","question","14","气","请找出气字。","无","-15%","day-14-2-question.mp3","/audio/questions","/audio/questions/day-14-2-question.mp3","true"
"success-气","success","14","气","找对了，这个字念气。","无","-15%","气-success.mp3","/audio/feedback","/audio/feedback/气-success.mp3","true"
"retry-气","retry","14","气","没关系，我们再看一次。这个字念气。","无","-15%","气-retry.mp3","/audio/feedback","/audio/feedback/气-retry.mp3","true"
"character-表","character","14","表","表","结束后停顿400ms","-15%","表.mp3","/audio/characters","/audio/characters/表.mp3","true"
"day-14-3-explanation","explanation","14","表","显示用量的表","结束后停顿300ms","-15%","day-14-3-explanation.mp3","/audio/lessons","/audio/lessons/day-14-3-explanation.mp3","true"
"day-14-3-example","example","14","表","这是家里的电表。","无","-15%","day-14-3-example.mp3","/audio/lessons","/audio/lessons/day-14-3-example.mp3","true"
"day-14-3-question","question","14","表","请找出表字。","无","-15%","day-14-3-question.mp3","/audio/questions","/audio/questions/day-14-3-question.mp3","true"
"success-表","success","14","表","找对了，这个字念表。","无","-15%","表-success.mp3","/audio/feedback","/audio/feedback/表-success.mp3","true"
"retry-表","retry","14","表","没关系，我们再看一次。这个字念表。","无","-15%","表-retry.mp3","/audio/feedback","/audio/feedback/表-retry.mp3","true"
"day-15-opening","opening","15","","今天我们学习学会看懂食品日期，一共认识3个字。","无","-15%","day-15-opening.mp3","/audio/system","/audio/system/day-15-opening.mp3","true"
"character-年","character","15","年","年","结束后停顿400ms","-15%","年.mp3","/audio/characters","/audio/characters/年.mp3","true"
"day-15-1-explanation","explanation","15","年","年份的年","结束后停顿300ms","-15%","day-15-1-explanation.mp3","/audio/lessons","/audio/lessons/day-15-1-explanation.mp3","true"
"day-15-1-example","example","15","年","今年是二零二六年。","无","-15%","day-15-1-example.mp3","/audio/lessons","/audio/lessons/day-15-1-example.mp3","true"
"day-15-1-question","question","15","年","请找出年字。","无","-15%","day-15-1-question.mp3","/audio/questions","/audio/questions/day-15-1-question.mp3","true"
"success-年","success","15","年","找对了，这个字念年。","无","-15%","年-success.mp3","/audio/feedback","/audio/feedback/年-success.mp3","true"
"retry-年","retry","15","年","没关系，我们再看一次。这个字念年。","无","-15%","年-retry.mp3","/audio/feedback","/audio/feedback/年-retry.mp3","true"
"character-月","character","15","月","月","结束后停顿400ms","-15%","月.mp3","/audio/characters","/audio/characters/月.mp3","true"
"day-15-2-explanation","explanation","15","月","月份的月","结束后停顿300ms","-15%","day-15-2-explanation.mp3","/audio/lessons","/audio/lessons/day-15-2-explanation.mp3","true"
"day-15-2-example","example","15","月","七月十五日。","无","-15%","day-15-2-example.mp3","/audio/lessons","/audio/lessons/day-15-2-example.mp3","true"
"day-15-2-question","question","15","月","请找出月字。","无","-15%","day-15-2-question.mp3","/audio/questions","/audio/questions/day-15-2-question.mp3","true"
"success-月","success","15","月","找对了，这个字念月。","无","-15%","月-success.mp3","/audio/feedback","/audio/feedback/月-success.mp3","true"
"retry-月","retry","15","月","没关系，我们再看一次。这个字念月。","无","-15%","月-retry.mp3","/audio/feedback","/audio/feedback/月-retry.mp3","true"
"character-日","character","15","日","日","结束后停顿400ms","-15%","日.mp3","/audio/characters","/audio/characters/日.mp3","true"
"day-15-3-explanation","explanation","15","日","日期的日","结束后停顿300ms","-15%","day-15-3-explanation.mp3","/audio/lessons","/audio/lessons/day-15-3-explanation.mp3","true"
"day-15-3-example","example","15","日","请看生产日期。","无","-15%","day-15-3-example.mp3","/audio/lessons","/audio/lessons/day-15-3-example.mp3","true"
"day-15-3-question","question","15","日","请找出日字。","无","-15%","day-15-3-question.mp3","/audio/questions","/audio/questions/day-15-3-question.mp3","true"
"success-日","success","15","日","找对了，这个字念日。","无","-15%","日-success.mp3","/audio/feedback","/audio/feedback/日-success.mp3","true"
"retry-日","retry","15","日","没关系，我们再看一次。这个字念日。","无","-15%","日-retry.mp3","/audio/feedback","/audio/feedback/日-retry.mp3","true"
"day-16-opening","opening","16","","今天我们学习学会看懂取件信息，一共认识3个字。","无","-15%","day-16-opening.mp3","/audio/system","/audio/system/day-16-opening.mp3","true"
"character-件","character","16","件","件","结束后停顿400ms","-15%","件.mp3","/audio/characters","/audio/characters/件.mp3","true"
"day-16-1-explanation","explanation","16","件","快递件的件","结束后停顿300ms","-15%","day-16-1-explanation.mp3","/audio/lessons","/audio/lessons/day-16-1-explanation.mp3","true"
"day-16-1-example","example","16","件","您有一个快递件。","无","-15%","day-16-1-example.mp3","/audio/lessons","/audio/lessons/day-16-1-example.mp3","true"
"day-16-1-question","question","16","件","请找出件字。","无","-15%","day-16-1-question.mp3","/audio/questions","/audio/questions/day-16-1-question.mp3","true"
"success-件","success","16","件","找对了，这个字念件。","无","-15%","件-success.mp3","/audio/feedback","/audio/feedback/件-success.mp3","true"
"retry-件","retry","16","件","没关系，我们再看一次。这个字念件。","无","-15%","件-retry.mp3","/audio/feedback","/audio/feedback/件-retry.mp3","true"
"character-柜","character","16","柜","柜","结束后停顿400ms","-15%","柜.mp3","/audio/characters","/audio/characters/柜.mp3","true"
"day-16-2-explanation","explanation","16","柜","放东西的柜子","结束后停顿300ms","-15%","day-16-2-explanation.mp3","/audio/lessons","/audio/lessons/day-16-2-explanation.mp3","true"
"day-16-2-example","example","16","柜","快递在柜子里。","无","-15%","day-16-2-example.mp3","/audio/lessons","/audio/lessons/day-16-2-example.mp3","true"
"day-16-2-question","question","16","柜","请找出柜字。","无","-15%","day-16-2-question.mp3","/audio/questions","/audio/questions/day-16-2-question.mp3","true"
"success-柜","success","16","柜","找对了，这个字念柜。","无","-15%","柜-success.mp3","/audio/feedback","/audio/feedback/柜-success.mp3","true"
"retry-柜","retry","16","柜","没关系，我们再看一次。这个字念柜。","无","-15%","柜-retry.mp3","/audio/feedback","/audio/feedback/柜-retry.mp3","true"
"character-层","character","16","层","层","结束后停顿400ms","-15%","层.mp3","/audio/characters","/audio/characters/层.mp3","true"
"day-16-3-explanation","explanation","16","层","楼层的层","结束后停顿300ms","-15%","day-16-3-explanation.mp3","/audio/lessons","/audio/lessons/day-16-3-explanation.mp3","true"
"day-16-3-example","example","16","层","快递柜在一层。","无","-15%","day-16-3-example.mp3","/audio/lessons","/audio/lessons/day-16-3-example.mp3","true"
"day-16-3-question","question","16","层","请找出层字。","无","-15%","day-16-3-question.mp3","/audio/questions","/audio/questions/day-16-3-question.mp3","true"
"success-层","success","16","层","找对了，这个字念层。","无","-15%","层-success.mp3","/audio/feedback","/audio/feedback/层-success.mp3","true"
"retry-层","retry","16","层","没关系，我们再看一次。这个字念层。","无","-15%","层-retry.mp3","/audio/feedback","/audio/feedback/层-retry.mp3","true"
"day-17-opening","opening","17","","今天我们学习学会看懂常用方向，一共认识3个字。","无","-15%","day-17-opening.mp3","/audio/system","/audio/system/day-17-opening.mp3","true"
"character-左","character","17","左","左","结束后停顿400ms","-15%","左.mp3","/audio/characters","/audio/characters/左.mp3","true"
"day-17-1-explanation","explanation","17","左","左手一边","结束后停顿300ms","-15%","day-17-1-explanation.mp3","/audio/lessons","/audio/lessons/day-17-1-explanation.mp3","true"
"day-17-1-example","example","17","左","请往左走。","无","-15%","day-17-1-example.mp3","/audio/lessons","/audio/lessons/day-17-1-example.mp3","true"
"day-17-1-question","question","17","左","请找出左字。","无","-15%","day-17-1-question.mp3","/audio/questions","/audio/questions/day-17-1-question.mp3","true"
"success-左","success","17","左","找对了，这个字念左。","无","-15%","左-success.mp3","/audio/feedback","/audio/feedback/左-success.mp3","true"
"retry-左","retry","17","左","没关系，我们再看一次。这个字念左。","无","-15%","左-retry.mp3","/audio/feedback","/audio/feedback/左-retry.mp3","true"
"character-右","character","17","右","右","结束后停顿400ms","-15%","右.mp3","/audio/characters","/audio/characters/右.mp3","true"
"day-17-2-explanation","explanation","17","右","右手一边","结束后停顿300ms","-15%","day-17-2-explanation.mp3","/audio/lessons","/audio/lessons/day-17-2-explanation.mp3","true"
"day-17-2-example","example","17","右","请往右走。","无","-15%","day-17-2-example.mp3","/audio/lessons","/audio/lessons/day-17-2-example.mp3","true"
"day-17-2-question","question","17","右","请找出右字。","无","-15%","day-17-2-question.mp3","/audio/questions","/audio/questions/day-17-2-question.mp3","true"
"success-右","success","17","右","找对了，这个字念右。","无","-15%","右-success.mp3","/audio/feedback","/audio/feedback/右-success.mp3","true"
"retry-右","retry","17","右","没关系，我们再看一次。这个字念右。","无","-15%","右-retry.mp3","/audio/feedback","/audio/feedback/右-retry.mp3","true"
"character-前","character","17","前","前","结束后停顿400ms","-15%","前.mp3","/audio/characters","/audio/characters/前.mp3","true"
"day-17-3-explanation","explanation","17","前","面对的一边","结束后停顿300ms","-15%","day-17-3-explanation.mp3","/audio/lessons","/audio/lessons/day-17-3-explanation.mp3","true"
"day-17-3-example","example","17","前","一直往前走。","无","-15%","day-17-3-example.mp3","/audio/lessons","/audio/lessons/day-17-3-example.mp3","true"
"day-17-3-question","question","17","前","请找出前字。","无","-15%","day-17-3-question.mp3","/audio/questions","/audio/questions/day-17-3-question.mp3","true"
"success-前","success","17","前","找对了，这个字念前。","无","-15%","前-success.mp3","/audio/feedback","/audio/feedback/前-success.mp3","true"
"retry-前","retry","17","前","没关系，我们再看一次。这个字念前。","无","-15%","前-retry.mp3","/audio/feedback","/audio/feedback/前-retry.mp3","true"
"day-18-opening","opening","18","","今天我们学习学会认出诈骗警示，一共认识3个字。","无","-15%","day-18-opening.mp3","/audio/system","/audio/system/day-18-opening.mp3","true"
"character-骗","character","18","骗","骗","结束后停顿400ms","-15%","骗.mp3","/audio/characters","/audio/characters/骗.mp3","true"
"day-18-1-explanation","explanation","18","骗","用假话骗钱","结束后停顿300ms","-15%","day-18-1-explanation.mp3","/audio/lessons","/audio/lessons/day-18-1-explanation.mp3","true"
"day-18-1-example","example","18","骗","陌生电话可能是骗。","无","-15%","day-18-1-example.mp3","/audio/lessons","/audio/lessons/day-18-1-example.mp3","true"
"day-18-1-question","question","18","骗","请找出骗字。","无","-15%","day-18-1-question.mp3","/audio/questions","/audio/questions/day-18-1-question.mp3","true"
"success-骗","success","18","骗","找对了，这个字念骗。","无","-15%","骗-success.mp3","/audio/feedback","/audio/feedback/骗-success.mp3","true"
"retry-骗","retry","18","骗","没关系，我们再看一次。这个字念骗。","无","-15%","骗-retry.mp3","/audio/feedback","/audio/feedback/骗-retry.mp3","true"
"character-转","character","18","转","转","结束后停顿400ms","-15%","转.mp3","/audio/characters","/audio/characters/转.mp3","true"
"day-18-2-explanation","explanation","18","转","把钱转给别人","结束后停顿300ms","-15%","day-18-2-explanation.mp3","/audio/lessons","/audio/lessons/day-18-2-explanation.mp3","true"
"day-18-2-example","example","18","转","不要给陌生人转钱。","无","-15%","day-18-2-example.mp3","/audio/lessons","/audio/lessons/day-18-2-example.mp3","true"
"day-18-2-question","question","18","转","请找出转字。","无","-15%","day-18-2-question.mp3","/audio/questions","/audio/questions/day-18-2-question.mp3","true"
"success-转","success","18","转","找对了，这个字念转。","无","-15%","转-success.mp3","/audio/feedback","/audio/feedback/转-success.mp3","true"
"retry-转","retry","18","转","没关系，我们再看一次。这个字念转。","无","-15%","转-retry.mp3","/audio/feedback","/audio/feedback/转-retry.mp3","true"
"character-假","character","18","假","假","结束后停顿400ms","-15%","假.mp3","/audio/characters","/audio/characters/假.mp3","true"
"day-18-3-explanation","explanation","18","假","不是真的","结束后停顿300ms","-15%","day-18-3-explanation.mp3","/audio/lessons","/audio/lessons/day-18-3-explanation.mp3","true"
"day-18-3-example","example","18","假","这可能是假消息。","无","-15%","day-18-3-example.mp3","/audio/lessons","/audio/lessons/day-18-3-example.mp3","true"
"day-18-3-question","question","18","假","请找出假字。","无","-15%","day-18-3-question.mp3","/audio/questions","/audio/questions/day-18-3-question.mp3","true"
"success-假","success","18","假","找对了，这个字念假。","无","-15%","假-success.mp3","/audio/feedback","/audio/feedback/假-success.mp3","true"
"retry-假","retry","18","假","没关系，我们再看一次。这个字念假。","无","-15%","假-retry.mp3","/audio/feedback","/audio/feedback/假-retry.mp3","true"
"day-19-opening","opening","19","","今天我们学习学会看懂求助电话，一共认识3个字。","无","-15%","day-19-opening.mp3","/audio/system","/audio/system/day-19-opening.mp3","true"
"character-急","character","19","急","急","结束后停顿400ms","-15%","急.mp3","/audio/characters","/audio/characters/急.mp3","true"
"day-19-1-explanation","explanation","19","急","情况紧急","结束后停顿300ms","-15%","day-19-1-explanation.mp3","/audio/lessons","/audio/lessons/day-19-1-explanation.mp3","true"
"day-19-1-example","example","19","急","紧急时打电话。","无","-15%","day-19-1-example.mp3","/audio/lessons","/audio/lessons/day-19-1-example.mp3","true"
"day-19-1-question","question","19","急","请找出急字。","无","-15%","day-19-1-question.mp3","/audio/questions","/audio/questions/day-19-1-question.mp3","true"
"success-急","success","19","急","找对了，这个字念急。","无","-15%","急-success.mp3","/audio/feedback","/audio/feedback/急-success.mp3","true"
"retry-急","retry","19","急","没关系，我们再看一次。这个字念急。","无","-15%","急-retry.mp3","/audio/feedback","/audio/feedback/急-retry.mp3","true"
"character-救","character","19","救","救","结束后停顿400ms","-15%","救.mp3","/audio/characters","/audio/characters/救.mp3","true"
"day-19-2-explanation","explanation","19","救","帮助脱离危险","结束后停顿300ms","-15%","day-19-2-explanation.mp3","/audio/lessons","/audio/lessons/day-19-2-explanation.mp3","true"
"day-19-2-example","example","19","救","有人受伤要急救。","无","-15%","day-19-2-example.mp3","/audio/lessons","/audio/lessons/day-19-2-example.mp3","true"
"day-19-2-question","question","19","救","请找出救字。","无","-15%","day-19-2-question.mp3","/audio/questions","/audio/questions/day-19-2-question.mp3","true"
"success-救","success","19","救","找对了，这个字念救。","无","-15%","救-success.mp3","/audio/feedback","/audio/feedback/救-success.mp3","true"
"retry-救","retry","19","救","没关系，我们再看一次。这个字念救。","无","-15%","救-retry.mp3","/audio/feedback","/audio/feedback/救-retry.mp3","true"
"character-警","character","19","警","警","结束后停顿400ms","-15%","警.mp3","/audio/characters","/audio/characters/警.mp3","true"
"day-19-3-explanation","explanation","19","警","警察的警","结束后停顿300ms","-15%","day-19-3-explanation.mp3","/audio/lessons","/audio/lessons/day-19-3-explanation.mp3","true"
"day-19-3-example","example","19","警","遇到坏人要报警。","无","-15%","day-19-3-example.mp3","/audio/lessons","/audio/lessons/day-19-3-example.mp3","true"
"day-19-3-question","question","19","警","请找出警字。","无","-15%","day-19-3-question.mp3","/audio/questions","/audio/questions/day-19-3-question.mp3","true"
"success-警","success","19","警","找对了，这个字念警。","无","-15%","警-success.mp3","/audio/feedback","/audio/feedback/警-success.mp3","true"
"retry-警","retry","19","警","没关系，我们再看一次。这个字念警。","无","-15%","警-retry.mp3","/audio/feedback","/audio/feedback/警-retry.mp3","true"
"day-20-opening","opening","20","","今天我们学习学会认出常见家人，一共认识3个字。","无","-15%","day-20-opening.mp3","/audio/system","/audio/system/day-20-opening.mp3","true"
"character-儿","character","20","儿","儿","结束后停顿400ms","-15%","儿.mp3","/audio/characters","/audio/characters/儿.mp3","true"
"day-20-1-explanation","explanation","20","儿","儿子的儿","结束后停顿300ms","-15%","day-20-1-explanation.mp3","/audio/lessons","/audio/lessons/day-20-1-explanation.mp3","true"
"day-20-1-example","example","20","儿","这是我儿子。","无","-15%","day-20-1-example.mp3","/audio/lessons","/audio/lessons/day-20-1-example.mp3","true"
"day-20-1-question","question","20","儿","请找出儿字。","无","-15%","day-20-1-question.mp3","/audio/questions","/audio/questions/day-20-1-question.mp3","true"
"success-儿","success","20","儿","找对了，这个字念儿。","无","-15%","儿-success.mp3","/audio/feedback","/audio/feedback/儿-success.mp3","true"
"retry-儿","retry","20","儿","没关系，我们再看一次。这个字念儿。","无","-15%","儿-retry.mp3","/audio/feedback","/audio/feedback/儿-retry.mp3","true"
"character-孙","character","20","孙","孙","结束后停顿400ms","-15%","孙.mp3","/audio/characters","/audio/characters/孙.mp3","true"
"day-20-2-explanation","explanation","20","孙","孙子的孙","结束后停顿300ms","-15%","day-20-2-explanation.mp3","/audio/lessons","/audio/lessons/day-20-2-explanation.mp3","true"
"day-20-2-example","example","20","孙","这是我孙子。","无","-15%","day-20-2-example.mp3","/audio/lessons","/audio/lessons/day-20-2-example.mp3","true"
"day-20-2-question","question","20","孙","请找出孙字。","无","-15%","day-20-2-question.mp3","/audio/questions","/audio/questions/day-20-2-question.mp3","true"
"success-孙","success","20","孙","找对了，这个字念孙。","无","-15%","孙-success.mp3","/audio/feedback","/audio/feedback/孙-success.mp3","true"
"retry-孙","retry","20","孙","没关系，我们再看一次。这个字念孙。","无","-15%","孙-retry.mp3","/audio/feedback","/audio/feedback/孙-retry.mp3","true"
"character-家","character","20","家","家","结束后停顿400ms","-15%","家.mp3","/audio/characters","/audio/characters/家.mp3","true"
"day-20-3-explanation","explanation","20","家","一家人的家","结束后停顿300ms","-15%","day-20-3-explanation.mp3","/audio/lessons","/audio/lessons/day-20-3-explanation.mp3","true"
"day-20-3-example","example","20","家","家人在等您。","无","-15%","day-20-3-example.mp3","/audio/lessons","/audio/lessons/day-20-3-example.mp3","true"
"day-20-3-question","question","20","家","请找出家字。","无","-15%","day-20-3-question.mp3","/audio/questions","/audio/questions/day-20-3-question.mp3","true"
"success-家","success","20","家","找对了，这个字念家。","无","-15%","家-success.mp3","/audio/feedback","/audio/feedback/家-success.mp3","true"
"retry-家","retry","20","家","没关系，我们再看一次。这个字念家。","无","-15%","家-retry.mp3","/audio/feedback","/audio/feedback/家-retry.mp3","true"
"day-21-opening","opening","21","","今天我们学习学会看懂星期和时间，一共认识3个字。","无","-15%","day-21-opening.mp3","/audio/system","/audio/system/day-21-opening.mp3","true"
"character-今","character","21","今","今","结束后停顿400ms","-15%","今.mp3","/audio/characters","/audio/characters/今.mp3","true"
"day-21-1-explanation","explanation","21","今","今天的今","结束后停顿300ms","-15%","day-21-1-explanation.mp3","/audio/lessons","/audio/lessons/day-21-1-explanation.mp3","true"
"day-21-1-example","example","21","今","今天要出门。","无","-15%","day-21-1-example.mp3","/audio/lessons","/audio/lessons/day-21-1-example.mp3","true"
"day-21-1-question","question","21","今","请找出今字。","无","-15%","day-21-1-question.mp3","/audio/questions","/audio/questions/day-21-1-question.mp3","true"
"success-今","success","21","今","找对了，这个字念今。","无","-15%","今-success.mp3","/audio/feedback","/audio/feedback/今-success.mp3","true"
"retry-今","retry","21","今","没关系，我们再看一次。这个字念今。","无","-15%","今-retry.mp3","/audio/feedback","/audio/feedback/今-retry.mp3","true"
"character-明","character","21","明","明","结束后停顿400ms","-15%","明.mp3","/audio/characters","/audio/characters/明.mp3","true"
"day-21-2-explanation","explanation","21","明","明天的明","结束后停顿300ms","-15%","day-21-2-explanation.mp3","/audio/lessons","/audio/lessons/day-21-2-explanation.mp3","true"
"day-21-2-example","example","21","明","明天再来。","无","-15%","day-21-2-example.mp3","/audio/lessons","/audio/lessons/day-21-2-example.mp3","true"
"day-21-2-question","question","21","明","请找出明字。","无","-15%","day-21-2-question.mp3","/audio/questions","/audio/questions/day-21-2-question.mp3","true"
"success-明","success","21","明","找对了，这个字念明。","无","-15%","明-success.mp3","/audio/feedback","/audio/feedback/明-success.mp3","true"
"retry-明","retry","21","明","没关系，我们再看一次。这个字念明。","无","-15%","明-retry.mp3","/audio/feedback","/audio/feedback/明-retry.mp3","true"
"character-点","character","21","点","点","结束后停顿400ms","-15%","点.mp3","/audio/characters","/audio/characters/点.mp3","true"
"day-21-3-explanation","explanation","21","点","钟点的点","结束后停顿300ms","-15%","day-21-3-explanation.mp3","/audio/lessons","/audio/lessons/day-21-3-explanation.mp3","true"
"day-21-3-example","example","21","点","三点去医院。","无","-15%","day-21-3-example.mp3","/audio/lessons","/audio/lessons/day-21-3-example.mp3","true"
"day-21-3-question","question","21","点","请找出点字。","无","-15%","day-21-3-question.mp3","/audio/questions","/audio/questions/day-21-3-question.mp3","true"
"success-点","success","21","点","找对了，这个字念点。","无","-15%","点-success.mp3","/audio/feedback","/audio/feedback/点-success.mp3","true"
"retry-点","retry","21","点","没关系，我们再看一次。这个字念点。","无","-15%","点-retry.mp3","/audio/feedback","/audio/feedback/点-retry.mp3","true"
"day-22-opening","opening","22","","今天我们学习学会看懂天气变化，一共认识3个字。","无","-15%","day-22-opening.mp3","/audio/system","/audio/system/day-22-opening.mp3","true"
"character-雨","character","22","雨","雨","结束后停顿400ms","-15%","雨.mp3","/audio/characters","/audio/characters/雨.mp3","true"
"day-22-1-explanation","explanation","22","雨","从天上落下的雨","结束后停顿300ms","-15%","day-22-1-explanation.mp3","/audio/lessons","/audio/lessons/day-22-1-explanation.mp3","true"
"day-22-1-example","example","22","雨","下雨要带伞。","无","-15%","day-22-1-example.mp3","/audio/lessons","/audio/lessons/day-22-1-example.mp3","true"
"day-22-1-question","question","22","雨","请找出雨字。","无","-15%","day-22-1-question.mp3","/audio/questions","/audio/questions/day-22-1-question.mp3","true"
"success-雨","success","22","雨","找对了，这个字念雨。","无","-15%","雨-success.mp3","/audio/feedback","/audio/feedback/雨-success.mp3","true"
"retry-雨","retry","22","雨","没关系，我们再看一次。这个字念雨。","无","-15%","雨-retry.mp3","/audio/feedback","/audio/feedback/雨-retry.mp3","true"
"character-风","character","22","风","风","结束后停顿400ms","-15%","风.mp3","/audio/characters","/audio/characters/风.mp3","true"
"day-22-2-explanation","explanation","22","风","吹动东西的风","结束后停顿300ms","-15%","day-22-2-explanation.mp3","/audio/lessons","/audio/lessons/day-22-2-explanation.mp3","true"
"day-22-2-example","example","22","风","今天风很大。","无","-15%","day-22-2-example.mp3","/audio/lessons","/audio/lessons/day-22-2-example.mp3","true"
"day-22-2-question","question","22","风","请找出风字。","无","-15%","day-22-2-question.mp3","/audio/questions","/audio/questions/day-22-2-question.mp3","true"
"success-风","success","22","风","找对了，这个字念风。","无","-15%","风-success.mp3","/audio/feedback","/audio/feedback/风-success.mp3","true"
"retry-风","retry","22","风","没关系，我们再看一次。这个字念风。","无","-15%","风-retry.mp3","/audio/feedback","/audio/feedback/风-retry.mp3","true"
"character-冷","character","22","冷","冷","结束后停顿400ms","-15%","冷.mp3","/audio/characters","/audio/characters/冷.mp3","true"
"day-22-3-explanation","explanation","22","冷","温度很低","结束后停顿300ms","-15%","day-22-3-explanation.mp3","/audio/lessons","/audio/lessons/day-22-3-explanation.mp3","true"
"day-22-3-example","example","22","冷","天冷要加衣。","无","-15%","day-22-3-example.mp3","/audio/lessons","/audio/lessons/day-22-3-example.mp3","true"
"day-22-3-question","question","22","冷","请找出冷字。","无","-15%","day-22-3-question.mp3","/audio/questions","/audio/questions/day-22-3-question.mp3","true"
"success-冷","success","22","冷","找对了，这个字念冷。","无","-15%","冷-success.mp3","/audio/feedback","/audio/feedback/冷-success.mp3","true"
"retry-冷","retry","22","冷","没关系，我们再看一次。这个字念冷。","无","-15%","冷-retry.mp3","/audio/feedback","/audio/feedback/冷-retry.mp3","true"
"day-23-opening","opening","23","","今天我们学习学会找到常买食品，一共认识3个字。","无","-15%","day-23-opening.mp3","/audio/system","/audio/system/day-23-opening.mp3","true"
"character-米","character","23","米","米","结束后停顿400ms","-15%","米.mp3","/audio/characters","/audio/characters/米.mp3","true"
"day-23-1-explanation","explanation","23","米","大米的米","结束后停顿300ms","-15%","day-23-1-explanation.mp3","/audio/lessons","/audio/lessons/day-23-1-explanation.mp3","true"
"day-23-1-example","example","23","米","买一袋米。","无","-15%","day-23-1-example.mp3","/audio/lessons","/audio/lessons/day-23-1-example.mp3","true"
"day-23-1-question","question","23","米","请找出米字。","无","-15%","day-23-1-question.mp3","/audio/questions","/audio/questions/day-23-1-question.mp3","true"
"success-米","success","23","米","找对了，这个字念米。","无","-15%","米-success.mp3","/audio/feedback","/audio/feedback/米-success.mp3","true"
"retry-米","retry","23","米","没关系，我们再看一次。这个字念米。","无","-15%","米-retry.mp3","/audio/feedback","/audio/feedback/米-retry.mp3","true"
"character-油","character","23","油","油","结束后停顿400ms","-15%","油.mp3","/audio/characters","/audio/characters/油.mp3","true"
"day-23-2-explanation","explanation","23","油","做饭用的油","结束后停顿300ms","-15%","day-23-2-explanation.mp3","/audio/lessons","/audio/lessons/day-23-2-explanation.mp3","true"
"day-23-2-example","example","23","油","家里要买油。","无","-15%","day-23-2-example.mp3","/audio/lessons","/audio/lessons/day-23-2-example.mp3","true"
"day-23-2-question","question","23","油","请找出油字。","无","-15%","day-23-2-question.mp3","/audio/questions","/audio/questions/day-23-2-question.mp3","true"
"success-油","success","23","油","找对了，这个字念油。","无","-15%","油-success.mp3","/audio/feedback","/audio/feedback/油-success.mp3","true"
"retry-油","retry","23","油","没关系，我们再看一次。这个字念油。","无","-15%","油-retry.mp3","/audio/feedback","/audio/feedback/油-retry.mp3","true"
"character-盐","character","23","盐","盐","结束后停顿400ms","-15%","盐.mp3","/audio/characters","/audio/characters/盐.mp3","true"
"day-23-3-explanation","explanation","23","盐","做菜用的盐","结束后停顿300ms","-15%","day-23-3-explanation.mp3","/audio/lessons","/audio/lessons/day-23-3-explanation.mp3","true"
"day-23-3-example","example","23","盐","少放一点盐。","无","-15%","day-23-3-example.mp3","/audio/lessons","/audio/lessons/day-23-3-example.mp3","true"
"day-23-3-question","question","23","盐","请找出盐字。","无","-15%","day-23-3-question.mp3","/audio/questions","/audio/questions/day-23-3-question.mp3","true"
"success-盐","success","23","盐","找对了，这个字念盐。","无","-15%","盐-success.mp3","/audio/feedback","/audio/feedback/盐-success.mp3","true"
"retry-盐","retry","23","盐","没关系，我们再看一次。这个字念盐。","无","-15%","盐-retry.mp3","/audio/feedback","/audio/feedback/盐-retry.mp3","true"
"day-24-opening","opening","24","","今天我们学习学会看懂社区公告，一共认识3个字。","无","-15%","day-24-opening.mp3","/audio/system","/audio/system/day-24-opening.mp3","true"
"character-通","character","24","通","通","结束后停顿400ms","-15%","通.mp3","/audio/characters","/audio/characters/通.mp3","true"
"day-24-1-explanation","explanation","24","通","通知的通","结束后停顿300ms","-15%","day-24-1-explanation.mp3","/audio/lessons","/audio/lessons/day-24-1-explanation.mp3","true"
"day-24-1-example","example","24","通","社区有新通知。","无","-15%","day-24-1-example.mp3","/audio/lessons","/audio/lessons/day-24-1-example.mp3","true"
"day-24-1-question","question","24","通","请找出通字。","无","-15%","day-24-1-question.mp3","/audio/questions","/audio/questions/day-24-1-question.mp3","true"
"success-通","success","24","通","找对了，这个字念通。","无","-15%","通-success.mp3","/audio/feedback","/audio/feedback/通-success.mp3","true"
"retry-通","retry","24","通","没关系，我们再看一次。这个字念通。","无","-15%","通-retry.mp3","/audio/feedback","/audio/feedback/通-retry.mp3","true"
"character-知","character","24","知","知","结束后停顿400ms","-15%","知.mp3","/audio/characters","/audio/characters/知.mp3","true"
"day-24-2-explanation","explanation","24","知","知道的知","结束后停顿300ms","-15%","day-24-2-explanation.mp3","/audio/lessons","/audio/lessons/day-24-2-explanation.mp3","true"
"day-24-2-example","example","24","知","请家人看通知。","无","-15%","day-24-2-example.mp3","/audio/lessons","/audio/lessons/day-24-2-example.mp3","true"
"day-24-2-question","question","24","知","请找出知字。","无","-15%","day-24-2-question.mp3","/audio/questions","/audio/questions/day-24-2-question.mp3","true"
"success-知","success","24","知","找对了，这个字念知。","无","-15%","知-success.mp3","/audio/feedback","/audio/feedback/知-success.mp3","true"
"retry-知","retry","24","知","没关系，我们再看一次。这个字念知。","无","-15%","知-retry.mp3","/audio/feedback","/audio/feedback/知-retry.mp3","true"
"character-停","character","24","停","停","结束后停顿400ms","-15%","停.mp3","/audio/characters","/audio/characters/停.mp3","true"
"day-24-3-explanation","explanation","24","停","停止的停","结束后停顿300ms","-15%","day-24-3-explanation.mp3","/audio/lessons","/audio/lessons/day-24-3-explanation.mp3","true"
"day-24-3-example","example","24","停","明天停水。","无","-15%","day-24-3-example.mp3","/audio/lessons","/audio/lessons/day-24-3-example.mp3","true"
"day-24-3-question","question","24","停","请找出停字。","无","-15%","day-24-3-question.mp3","/audio/questions","/audio/questions/day-24-3-question.mp3","true"
"success-停","success","24","停","找对了，这个字念停。","无","-15%","停-success.mp3","/audio/feedback","/audio/feedback/停-success.mp3","true"
"retry-停","retry","24","停","没关系，我们再看一次。这个字念停。","无","-15%","停-retry.mp3","/audio/feedback","/audio/feedback/停-retry.mp3","true"
"day-25-opening","opening","25","","今天我们学习学会找到楼栋和房间，一共认识3个字。","无","-15%","day-25-opening.mp3","/audio/system","/audio/system/day-25-opening.mp3","true"
"character-楼","character","25","楼","楼","结束后停顿400ms","-15%","楼.mp3","/audio/characters","/audio/characters/楼.mp3","true"
"day-25-1-explanation","explanation","25","楼","楼房的楼","结束后停顿300ms","-15%","day-25-1-explanation.mp3","/audio/lessons","/audio/lessons/day-25-1-explanation.mp3","true"
"day-25-1-example","example","25","楼","住在三号楼。","无","-15%","day-25-1-example.mp3","/audio/lessons","/audio/lessons/day-25-1-example.mp3","true"
"day-25-1-question","question","25","楼","请找出楼字。","无","-15%","day-25-1-question.mp3","/audio/questions","/audio/questions/day-25-1-question.mp3","true"
"success-楼","success","25","楼","找对了，这个字念楼。","无","-15%","楼-success.mp3","/audio/feedback","/audio/feedback/楼-success.mp3","true"
"retry-楼","retry","25","楼","没关系，我们再看一次。这个字念楼。","无","-15%","楼-retry.mp3","/audio/feedback","/audio/feedback/楼-retry.mp3","true"
"character-室","character","25","室","室","结束后停顿400ms","-15%","室.mp3","/audio/characters","/audio/characters/室.mp3","true"
"day-25-2-explanation","explanation","25","室","房间的室","结束后停顿300ms","-15%","day-25-2-explanation.mp3","/audio/lessons","/audio/lessons/day-25-2-explanation.mp3","true"
"day-25-2-example","example","25","室","门诊室在里面。","无","-15%","day-25-2-example.mp3","/audio/lessons","/audio/lessons/day-25-2-example.mp3","true"
"day-25-2-question","question","25","室","请找出室字。","无","-15%","day-25-2-question.mp3","/audio/questions","/audio/questions/day-25-2-question.mp3","true"
"success-室","success","25","室","找对了，这个字念室。","无","-15%","室-success.mp3","/audio/feedback","/audio/feedback/室-success.mp3","true"
"retry-室","retry","25","室","没关系，我们再看一次。这个字念室。","无","-15%","室-retry.mp3","/audio/feedback","/audio/feedback/室-retry.mp3","true"
"character-门","character","25","门","门","结束后停顿400ms","-15%","门.mp3","/audio/characters","/audio/characters/门.mp3","true"
"day-25-3-explanation","explanation","25","门","进出的门","结束后停顿300ms","-15%","day-25-3-explanation.mp3","/audio/lessons","/audio/lessons/day-25-3-explanation.mp3","true"
"day-25-3-example","example","25","门","请把门关好。","无","-15%","day-25-3-example.mp3","/audio/lessons","/audio/lessons/day-25-3-example.mp3","true"
"day-25-3-question","question","25","门","请找出门字。","无","-15%","day-25-3-question.mp3","/audio/questions","/audio/questions/day-25-3-question.mp3","true"
"success-门","success","25","门","找对了，这个字念门。","无","-15%","门-success.mp3","/audio/feedback","/audio/feedback/门-success.mp3","true"
"retry-门","retry","25","门","没关系，我们再看一次。这个字念门。","无","-15%","门-retry.mp3","/audio/feedback","/audio/feedback/门-retry.mp3","true"
"day-26-opening","opening","26","","今天我们学习学会看懂饭馆常用字，一共认识3个字。","无","-15%","day-26-opening.mp3","/audio/system","/audio/system/day-26-opening.mp3","true"
"character-菜","character","26","菜","菜","结束后停顿400ms","-15%","菜.mp3","/audio/characters","/audio/characters/菜.mp3","true"
"day-26-1-explanation","explanation","26","菜","吃的菜","结束后停顿300ms","-15%","day-26-1-explanation.mp3","/audio/lessons","/audio/lessons/day-26-1-explanation.mp3","true"
"day-26-1-example","example","26","菜","点一个青菜。","无","-15%","day-26-1-example.mp3","/audio/lessons","/audio/lessons/day-26-1-example.mp3","true"
"day-26-1-question","question","26","菜","请找出菜字。","无","-15%","day-26-1-question.mp3","/audio/questions","/audio/questions/day-26-1-question.mp3","true"
"success-菜","success","26","菜","找对了，这个字念菜。","无","-15%","菜-success.mp3","/audio/feedback","/audio/feedback/菜-success.mp3","true"
"retry-菜","retry","26","菜","没关系，我们再看一次。这个字念菜。","无","-15%","菜-retry.mp3","/audio/feedback","/audio/feedback/菜-retry.mp3","true"
"character-汤","character","26","汤","汤","结束后停顿400ms","-15%","汤.mp3","/audio/characters","/audio/characters/汤.mp3","true"
"day-26-2-explanation","explanation","26","汤","有水的热菜","结束后停顿300ms","-15%","day-26-2-explanation.mp3","/audio/lessons","/audio/lessons/day-26-2-explanation.mp3","true"
"day-26-2-example","example","26","汤","喝一碗热汤。","无","-15%","day-26-2-example.mp3","/audio/lessons","/audio/lessons/day-26-2-example.mp3","true"
"day-26-2-question","question","26","汤","请找出汤字。","无","-15%","day-26-2-question.mp3","/audio/questions","/audio/questions/day-26-2-question.mp3","true"
"success-汤","success","26","汤","找对了，这个字念汤。","无","-15%","汤-success.mp3","/audio/feedback","/audio/feedback/汤-success.mp3","true"
"retry-汤","retry","26","汤","没关系，我们再看一次。这个字念汤。","无","-15%","汤-retry.mp3","/audio/feedback","/audio/feedback/汤-retry.mp3","true"
"character-面","character","26","面","面","结束后停顿400ms","-15%","面.mp3","/audio/characters","/audio/characters/面.mp3","true"
"day-26-3-explanation","explanation","26","面","面条的面","结束后停顿300ms","-15%","day-26-3-explanation.mp3","/audio/lessons","/audio/lessons/day-26-3-explanation.mp3","true"
"day-26-3-example","example","26","面","要一碗面。","无","-15%","day-26-3-example.mp3","/audio/lessons","/audio/lessons/day-26-3-example.mp3","true"
"day-26-3-question","question","26","面","请找出面字。","无","-15%","day-26-3-question.mp3","/audio/questions","/audio/questions/day-26-3-question.mp3","true"
"success-面","success","26","面","找对了，这个字念面。","无","-15%","面-success.mp3","/audio/feedback","/audio/feedback/面-success.mp3","true"
"retry-面","retry","26","面","没关系，我们再看一次。这个字念面。","无","-15%","面-retry.mp3","/audio/feedback","/audio/feedback/面-retry.mp3","true"
"day-27-opening","opening","27","","今天我们学习学会看懂衣服洗护，一共认识3个字。","无","-15%","day-27-opening.mp3","/audio/system","/audio/system/day-27-opening.mp3","true"
"character-洗","character","27","洗","洗","结束后停顿400ms","-15%","洗.mp3","/audio/characters","/audio/characters/洗.mp3","true"
"day-27-1-explanation","explanation","27","洗","用水洗干净","结束后停顿300ms","-15%","day-27-1-explanation.mp3","/audio/lessons","/audio/lessons/day-27-1-explanation.mp3","true"
"day-27-1-example","example","27","洗","衣服要洗。","无","-15%","day-27-1-example.mp3","/audio/lessons","/audio/lessons/day-27-1-example.mp3","true"
"day-27-1-question","question","27","洗","请找出洗字。","无","-15%","day-27-1-question.mp3","/audio/questions","/audio/questions/day-27-1-question.mp3","true"
"success-洗","success","27","洗","找对了，这个字念洗。","无","-15%","洗-success.mp3","/audio/feedback","/audio/feedback/洗-success.mp3","true"
"retry-洗","retry","27","洗","没关系，我们再看一次。这个字念洗。","无","-15%","洗-retry.mp3","/audio/feedback","/audio/feedback/洗-retry.mp3","true"
"character-衣","character","27","衣","衣","结束后停顿400ms","-15%","衣.mp3","/audio/characters","/audio/characters/衣.mp3","true"
"day-27-2-explanation","explanation","27","衣","穿在身上的衣服","结束后停顿300ms","-15%","day-27-2-explanation.mp3","/audio/lessons","/audio/lessons/day-27-2-explanation.mp3","true"
"day-27-2-example","example","27","衣","天冷多穿衣。","无","-15%","day-27-2-example.mp3","/audio/lessons","/audio/lessons/day-27-2-example.mp3","true"
"day-27-2-question","question","27","衣","请找出衣字。","无","-15%","day-27-2-question.mp3","/audio/questions","/audio/questions/day-27-2-question.mp3","true"
"success-衣","success","27","衣","找对了，这个字念衣。","无","-15%","衣-success.mp3","/audio/feedback","/audio/feedback/衣-success.mp3","true"
"retry-衣","retry","27","衣","没关系，我们再看一次。这个字念衣。","无","-15%","衣-retry.mp3","/audio/feedback","/audio/feedback/衣-retry.mp3","true"
"character-干","character","27","干","干","结束后停顿400ms","-15%","干.mp3","/audio/characters","/audio/characters/干.mp3","true"
"day-27-3-explanation","explanation","27","干","没有水分","结束后停顿300ms","-15%","day-27-3-explanation.mp3","/audio/lessons","/audio/lessons/day-27-3-explanation.mp3","true"
"day-27-3-example","example","27","干","衣服已经干了。","无","-15%","day-27-3-example.mp3","/audio/lessons","/audio/lessons/day-27-3-example.mp3","true"
"day-27-3-question","question","27","干","请找出干字。","无","-15%","day-27-3-question.mp3","/audio/questions","/audio/questions/day-27-3-question.mp3","true"
"success-干","success","27","干","找对了，这个字念干。","无","-15%","干-success.mp3","/audio/feedback","/audio/feedback/干-success.mp3","true"
"retry-干","retry","27","干","没关系，我们再看一次。这个字念干。","无","-15%","干-retry.mp3","/audio/feedback","/audio/feedback/干-retry.mp3","true"
"day-28-opening","opening","28","","今天我们学习学会看懂电器按钮，一共认识3个字。","无","-15%","day-28-opening.mp3","/audio/system","/audio/system/day-28-opening.mp3","true"
"character-热","character","28","热","热","结束后停顿400ms","-15%","热.mp3","/audio/characters","/audio/characters/热.mp3","true"
"day-28-1-explanation","explanation","28","热","温度高","结束后停顿300ms","-15%","day-28-1-explanation.mp3","/audio/lessons","/audio/lessons/day-28-1-explanation.mp3","true"
"day-28-1-example","example","28","热","水已经热了。","无","-15%","day-28-1-example.mp3","/audio/lessons","/audio/lessons/day-28-1-example.mp3","true"
"day-28-1-question","question","28","热","请找出热字。","无","-15%","day-28-1-question.mp3","/audio/questions","/audio/questions/day-28-1-question.mp3","true"
"success-热","success","28","热","找对了，这个字念热。","无","-15%","热-success.mp3","/audio/feedback","/audio/feedback/热-success.mp3","true"
"retry-热","retry","28","热","没关系，我们再看一次。这个字念热。","无","-15%","热-retry.mp3","/audio/feedback","/audio/feedback/热-retry.mp3","true"
"character-温","character","28","温","温","结束后停顿400ms","-15%","温.mp3","/audio/characters","/audio/characters/温.mp3","true"
"day-28-2-explanation","explanation","28","温","温度的温","结束后停顿300ms","-15%","day-28-2-explanation.mp3","/audio/lessons","/audio/lessons/day-28-2-explanation.mp3","true"
"day-28-2-example","example","28","温","把温度调低。","无","-15%","day-28-2-example.mp3","/audio/lessons","/audio/lessons/day-28-2-example.mp3","true"
"day-28-2-question","question","28","温","请找出温字。","无","-15%","day-28-2-question.mp3","/audio/questions","/audio/questions/day-28-2-question.mp3","true"
"success-温","success","28","温","找对了，这个字念温。","无","-15%","温-success.mp3","/audio/feedback","/audio/feedback/温-success.mp3","true"
"retry-温","retry","28","温","没关系，我们再看一次。这个字念温。","无","-15%","温-retry.mp3","/audio/feedback","/audio/feedback/温-retry.mp3","true"
"day-28-3-explanation","explanation","28","停","让机器停止","结束后停顿300ms","-15%","day-28-3-explanation.mp3","/audio/lessons","/audio/lessons/day-28-3-explanation.mp3","true"
"day-28-3-example","example","28","停","点这里停止。","无","-15%","day-28-3-example.mp3","/audio/lessons","/audio/lessons/day-28-3-example.mp3","true"
"day-28-3-question","question","28","停","请找出停字。","无","-15%","day-28-3-question.mp3","/audio/questions","/audio/questions/day-28-3-question.mp3","true"
"day-29-opening","opening","29","","今天我们学习学会说清不舒服的位置，一共认识3个字。","无","-15%","day-29-opening.mp3","/audio/system","/audio/system/day-29-opening.mp3","true"
"character-痛","character","29","痛","痛","结束后停顿400ms","-15%","痛.mp3","/audio/characters","/audio/characters/痛.mp3","true"
"day-29-1-explanation","explanation","29","痛","身体疼痛","结束后停顿300ms","-15%","day-29-1-explanation.mp3","/audio/lessons","/audio/lessons/day-29-1-explanation.mp3","true"
"day-29-1-example","example","29","痛","我的头很痛。","无","-15%","day-29-1-example.mp3","/audio/lessons","/audio/lessons/day-29-1-example.mp3","true"
"day-29-1-question","question","29","痛","请找出痛字。","无","-15%","day-29-1-question.mp3","/audio/questions","/audio/questions/day-29-1-question.mp3","true"
"success-痛","success","29","痛","找对了，这个字念痛。","无","-15%","痛-success.mp3","/audio/feedback","/audio/feedback/痛-success.mp3","true"
"retry-痛","retry","29","痛","没关系，我们再看一次。这个字念痛。","无","-15%","痛-retry.mp3","/audio/feedback","/audio/feedback/痛-retry.mp3","true"
"character-头","character","29","头","头","结束后停顿400ms","-15%","头.mp3","/audio/characters","/audio/characters/头.mp3","true"
"day-29-2-explanation","explanation","29","头","身体最上面的头","结束后停顿300ms","-15%","day-29-2-explanation.mp3","/audio/lessons","/audio/lessons/day-29-2-explanation.mp3","true"
"day-29-2-example","example","29","头","我头不舒服。","无","-15%","day-29-2-example.mp3","/audio/lessons","/audio/lessons/day-29-2-example.mp3","true"
"day-29-2-question","question","29","头","请找出头字。","无","-15%","day-29-2-question.mp3","/audio/questions","/audio/questions/day-29-2-question.mp3","true"
"success-头","success","29","头","找对了，这个字念头。","无","-15%","头-success.mp3","/audio/feedback","/audio/feedback/头-success.mp3","true"
"retry-头","retry","29","头","没关系，我们再看一次。这个字念头。","无","-15%","头-retry.mp3","/audio/feedback","/audio/feedback/头-retry.mp3","true"
"character-心","character","29","心","心","结束后停顿400ms","-15%","心.mp3","/audio/characters","/audio/characters/心.mp3","true"
"day-29-3-explanation","explanation","29","心","心口的心","结束后停顿300ms","-15%","day-29-3-explanation.mp3","/audio/lessons","/audio/lessons/day-29-3-explanation.mp3","true"
"day-29-3-example","example","29","心","心口不舒服要就医。","无","-15%","day-29-3-example.mp3","/audio/lessons","/audio/lessons/day-29-3-example.mp3","true"
"day-29-3-question","question","29","心","请找出心字。","无","-15%","day-29-3-question.mp3","/audio/questions","/audio/questions/day-29-3-question.mp3","true"
"success-心","success","29","心","找对了，这个字念心。","无","-15%","心-success.mp3","/audio/feedback","/audio/feedback/心-success.mp3","true"
"retry-心","retry","29","心","没关系，我们再看一次。这个字念心。","无","-15%","心-retry.mp3","/audio/feedback","/audio/feedback/心-retry.mp3","true"
"day-30-opening","opening","30","","今天我们学习复习生活中最重要的字，一共认识3个字。","无","-15%","day-30-opening.mp3","/audio/system","/audio/system/day-30-opening.mp3","true"
"day-30-1-explanation","explanation","30","药","治病用的东西","结束后停顿300ms","-15%","day-30-1-explanation.mp3","/audio/lessons","/audio/lessons/day-30-1-explanation.mp3","true"
"day-30-1-example","example","30","药","早上吃一次药。","无","-15%","day-30-1-example.mp3","/audio/lessons","/audio/lessons/day-30-1-example.mp3","true"
"day-30-1-question","question","30","药","请找出药字。","无","-15%","day-30-1-question.mp3","/audio/questions","/audio/questions/day-30-1-question.mp3","true"
"day-30-2-explanation","explanation","30","钱","买东西要用的钱","结束后停顿300ms","-15%","day-30-2-explanation.mp3","/audio/lessons","/audio/lessons/day-30-2-explanation.mp3","true"
"day-30-2-example","example","30","钱","钱要收好。","无","-15%","day-30-2-example.mp3","/audio/lessons","/audio/lessons/day-30-2-example.mp3","true"
"day-30-2-question","question","30","钱","请找出钱字。","无","-15%","day-30-2-question.mp3","/audio/questions","/audio/questions/day-30-2-question.mp3","true"
"day-30-3-explanation","explanation","30","险","表示有危险","结束后停顿300ms","-15%","day-30-3-explanation.mp3","/audio/lessons","/audio/lessons/day-30-3-explanation.mp3","true"
"day-30-3-example","example","30","险","看见危险要远离。","无","-15%","day-30-3-example.mp3","/audio/lessons","/audio/lessons/day-30-3-example.mp3","true"
"day-30-3-question","question","30","险","请找出险字。","无","-15%","day-30-3-question.mp3","/audio/questions","/audio/questions/day-30-3-question.mp3","true"
